"name","latitude","longitude","RestaurantsDelivery","WiFi","WheelchairAccessible","HappyHour","total_comments","average_rating"
"1100 Social",39.9041687186,-75.1691288928,"","","","",43,3
"13 Restaurant",39.952714,-75.160534,"","","","",94,3
"1518 Bar & Grill",39.9501977,-75.1666386,"","","","",222,4
"2637brew",39.974356,-75.18016842,"","","","",125,4
"2nd Story Brewing",39.9484739,-75.1435556,"","","","",576,4
"2nd Street Brew House",39.926632,-75.1493732,"True","u'free'","","",75,4
"48th Street Grille",39.9531368,-75.2186607,"","","","",288,4.5
"A Lin Kitchen",39.924614,-75.161195,"","","","",58,3.5
"AURA",39.9612273,-75.1387381,"","","","",23,2
"Abner's Cheesesteaks",39.9553957,-75.1986337,"","","","",228,3.5
"Aksum Cafe",39.9485474,-75.2163663,"True","u'free'","","",417,4
"Al-Sham Restaurant",40.0402499,-75.0661113,"","","","",215,4
"Aldo and Manny Pizza and Pasta",39.9547868,-75.1644935,"True","u'no'","","",57,4
"Allegro Pizza",39.9514453,-75.2029159,"False","'free'","","",227,3
"Alma de Cuba",39.9500808,-75.1685265,"","","","",1354,4
"Almaz Cafe",39.9506628,-75.1739332,"","","","",390,4
"Amari's Restaurant",39.9479848,-75.2247445,"","","","",60,3.5
"Ambassador",39.9707616,-75.1479482,"False","u'free'","","",32,4
"America's Best Wings",39.9563712,-75.2061225,"False","u'free'","True","True",31,3
"American Sardine Bar",39.936536,-75.17375,"","","","",378,4
"Angelino's Restaurant, Fairmount- Philadelphia",39.9712971,-75.1776345,"","","","",219,4
"Anna Restaurant",39.9543799638,-75.2263397723,"","","True","",15,4.5
"Applebee's Grill + Bar",39.976856,-75.118897,"","","","",63,2.5
"Applebee's Grill + Bar",39.977529,-75.272689,"","","","",72,2
"Applebee's Grill + Bar",39.993173,-75.092621,"False","u'no'","True","",57,2.5
"Applebee's Grill + Bar",40.063437,-75.23814,"","","","",70,2.5
"Applebee's Grill + Bar",40.07662,-75.033565,"","","","",64,2.5
"Aqimero",39.9512876403,-75.1641220332,"","u'no'","True","",144,3.5
"Arbys Roast Beef",39.9788169932,-75.1191148148,"","u'free'","","",21,2.5
"Ashburner Inn",40.040715,-75.015473,"","","","",88,4
"Athenian Restaurant",40.0259565956,-75.0442917475,"True","","","",28,4
"Attico Rooftop Lounge",39.9486052,-75.1640808,"","","","",213,3
"Aunties Biscuits",40.0517233,-75.1565104,"","","","",33,4
"Aviation Grill",39.877855,-75.244711,"","","","",48,2.5
"Baba Bar",39.873796,-75.244075,"False","","True","",19,3
"Bad Brother",39.968629,-75.176888,"","","","",97,5
"Balcony Restaurant",39.9473199,-75.1642969,"","","","",12,2.5
"Bank & Bourbon",39.9517241479,-75.1601829009,"","","","",395,3.5
"Bar Bombón",39.9506592976,-75.1705476767,"","","","",747,4
"Bar Symon",39.875504,-75.238125,"","","","",83,2.5
"Bar-Ly Chinatown",39.9540709,-75.1576818,"","","","",393,4
"Bardot Cafe",39.9664506632,-75.1455635682,"","","","",161,4.5
"Benny the Bum's",40.1018053,-75.0291144,"","","","",172,3.5
"Bentoulis Pizza",40.0106236,-75.102975,"","","","",44,4
"Bernie's Restaurant & Bar - Manayunk",40.026214204,-75.2250791341,"True","u'free'","","",41,2.5
"Big Ass Slices",39.9497522,-75.1444806,"True","","","",244,3.5
"Bill's Breakfast & Lunch",39.9498484,-75.1627607,"True","u'free'","False","",138,4
"Billy Murphy's Irish Saloon",40.010788133,-75.1877212755,"","","","",160,4.5
"Bistro Perrier",39.9551006,-75.2074747,"","","","",78,4
"Blind Barber",39.9500715082,-75.1630359539,"","","","",23,4
"Blue Cross RiverRink",39.9479485975,-75.1397391496,"","","","",89,4
"Blume",39.948408124,-75.1668265834,"","","","",170,2.5
"Bodega Bar",39.9493319,-75.1616733,"","","","",67,3.5
"Bonks Bar",39.9863915,-75.0943523,"","","True","",35,4
"Booker's Restaurant and Bar",39.948041,-75.2242388,"","","","",295,3.5
"Boostin' Bowls",40.0261216129,-75.2246050321,"","","","",77,4.5
"Boricua Restaurant",39.968903,-75.141464,"","","","",32,5
"Boston Market",39.9217543725,-75.1462794724,"","","","",27,3.5
"Boston Market",39.9556727,-75.2002489,"","","","",36,2.5
"Boston Market",39.9946451763,-75.0952541257,"True","u'free'","True","True",11,2
"Boston Market",40.0025179655,-75.2226631419,"","","","",22,2
"Boston Market",40.0355870565,-75.0711464882,"","","","",15,2.5
"Boston Market",40.074277,-75.033309,"False","'no'","","",18,2.5
"Boston Market",40.0866977,-74.965124,"","","","",24,2
"Bottle Bar East",39.970471,-75.134725,"","","","",280,4
"Bourbon & Branch",39.96207,-75.14104,"","","","",405,4
"Bread & Butter Philly - Breakfast Junction",40.0797906,-75.1736235982,"False","'no'","","",23,4.5
"Bridget Foy's",39.9411099,-75.1458162,"","","","",18,4
"Broad Street Diner",39.936729,-75.1669582,"False","u'free'","True","True",153,3
"Bubbakoos Burritos",40.0779888,-75.0273447,"","","","",35,3
"Buccann",40.0510947,-75.0666122,"","","","",33,3.5
"Bud & Marilyn's",39.947787,-75.162293,"","","","",1347,4
"Bud & Marilyn’s",39.8761393223,-75.2427911013,"","","","",46,3
"Buffalo Billiards",39.94819,-75.1433,"","","","",243,3.5
"Buffalo Wild Wings",40.082758811,-75.025806427,"True","u'free'","True","True",162,2.5
"BurgerFi",39.9535213,-75.1597442,"","","","",523,3
"Butcher and Singer",39.9493338,-75.1661758,"","","","",1330,4.5
"Byrne's Tavern",39.9841717,-75.0987438,"","","","",120,4
"CIBO Bistro Wine Bar",39.875016,-75.243913,"","","","",130,3
"CJ & Eck's",40.025409,-75.212968,"False","u'free'","True","True",52,4
"CO-OP Restaurant & Lounge",39.9544058,-75.1900591,"","","","",129,3.5
"CYM Island Kitchen",40.0196839,-75.1107755,"True","u'free'","True","True",15,3.5
"Cafe La Maude",39.963948,-75.144364,"","","","",1530,4.5
"Cafe Lift",39.960346,-75.159706,"","","","",1225,4
"Cafe Tinto",40.02154,-75.122587,"","","","",19,4.5
"Caffe Chicco",39.918636,-75.171153,"","u'no'","False","",28,4.5
"Cajun Heroes Seafood Boil Gumbo & Po’Boys",39.9412059,-75.1468728,"","","","",81,4
"Cake",40.076318,-75.206295,"","","","",257,4
"Callahan's Grille",39.9460707,-75.1837898,"True","u'free'","True","False",36,4
"Calle Del Sabor",39.968711,-75.135957,"","","","",73,4.5
"Campbell's Place",40.0751627,-75.2044998,"","","","",173,3.5
"Canopy by Hilton Philadelphia Center City",39.9509385644,-75.1599574301,"","","","",35,4.5
"Cappys Cafe",40.0328076,-75.0482692,"","","","",22,4
"Capriccio Cafe and Bar",39.9554292,-75.1664549,"","","","",132,3.5
"Cavanaugh's Restaurant",39.9544307,-75.1999069,"","","","",123,3
"Cavanaugh's Rittenhouse",39.9511145,-75.17157,"True","'no'","True","",232,3.5
"Cavanaughs Headhouse",39.9422776,-75.1449611,"","","","",108,3.5
"Cedar Point Bar and Kitchen",39.9768423,-75.1277643,"","","","",334,4
"Champagne Cafe",40.036477,-75.1744883,"","","","",24,2.5
"Champ’s Diner",39.9792137,-75.1609908,"","","","",146,4
"Charley Dove",39.9482837212,-75.174552016,"","","","",16,4
"Charlie Was a Sinner",39.9495123,-75.1617661,"","","True","",1070,4
"Chart House",39.9411270506,-75.1404787123,"","","","",360,2.5
"Checkers",39.9178315,-75.1814532,"","u'free'","","",16,2
"Cherry Lounge",39.9560366,-75.1591747,"","","True","",11,3
"Chestnut Grill and Sidewalk Cafe",40.0741672,-75.2030982,"True","u'no'","","",178,3.5
"Chewy's Food Truck",39.9591692932,-75.1984187251,"","","","",95,4.5
"Chick-fil-A",39.9183356,-75.1405113,"","","","",116,4
"Chick-fil-A",39.952402,-75.168211,"","","","",67,3.5
"Chick-fil-A",40.08178,-75.0267907,"","","","",85,4
"Chickie's & Pete's",39.876011,-75.242965,"","","","",88,2.5
"Chickie's & Pete's",39.9063127802,-75.1657080966,"False","u'no'","","",28,3
"Chickie's & Pete's",39.9114175,-75.1745111,"True","u'free'","","",603,3.5
"Chickie's & Pete's",40.027319,-75.0600255,"","","","",116,3.5
"Chickie's & Pete's Cafe",40.1011515,-75.0081239,"","","","",229,3
"Chickie's and Pete's",39.8774228729,-75.2405207186,"","","","",798,2.5
"Chili's",39.9184477,-75.1874603,"","u'free'","True","",104,2.5
"Chili's",39.9532903753,-75.1610183611,"","","","",154,2
"Chili's",40.074768681,-75.1579621104,"","","","",92,1.5
"Chima Steakhouse",39.9547768017,-75.1726724432,"","","","",708,3.5
"Chix & Bowls",39.9524750756,-75.1735316558,"","","","True",145,4
"Chops Restaurant & Bar",39.954782,-75.168476,"","","","",99,3
"City Tap House",39.9557454576,-75.1698437,"","","","",508,4
"City Winery - Philadelphia",39.952533,-75.1562439278,"","u'free'","True","",149,2.5
"Clementines Stable Cafe",39.964545,-75.1607530281,"","","","",92,4
"Coins Restaurant and Pub",39.9520404,-75.147515,"False","u'free'","","",12,2
"Colombian Bakery",40.0270908616,-75.1327757719,"","","","",16,4.5
"Community",39.9375696,-75.17882,"","","","",44,4.5
"Cook and Shaker",39.9826256,-75.1205402,"","","","",183,4.5
"Copabanana",39.9415037,-75.1489862,"","","","",307,2.5
"Copabanana",39.9515586,-75.2032578,"False","'free'","True","False",342,3
"Corner Bakery",39.95365,-75.168465,"","","","",153,3
"Cosi",39.9810059401,-75.157750994,"","","","",27,2
"Costa's Pizza & Grill",40.119547,-75.0181479,"True","u'no'","True","",17,2.5
"Country Club Diner",40.0540854,-75.0704686,"","","","",93,3
"Craft Hall",39.9625821,-75.1356571,"","u'free'","True","",66,3.5
"Craft Manayunk",40.0230319381,-75.2190360036,"","","True","",99,3.5
"Crafty's Tap Room",40.0682106059,-75.0063144735,"","","","",36,4
"Crown Fried Chicken",39.9569121,-75.2022626,"","","","",41,4
"Crown Fried Chicken",39.9619616,-75.1558838,"","","","",15,2.5
"Cuba Libre Restaurant & Rum Bar - Philadelphia",39.949589,-75.14391,"","","","",1225,3.5
"Currito",39.874423,-75.247136,"True","u'free'","True","True",126,3.5
"Daiva's Grille",40.0413479,-75.2255195,"","","","",97,3.5
"Danny's Wok",40.038394,-75.119522,"","","","",21,3.5
"Dave & Buster's",39.9570239499,-75.1374835117,"","","","",525,2.5
"Dave & Buster's",40.0917381094,-74.9609848045,"True","u'free'","True","",188,2
"Day By Day",39.9516785914,-75.1757079913,"","","","",672,4
"Del Frisco's Double Eagle Steakhouse",39.9509564,-75.1654591,"","","","",1169,4
"Devil's Alley Bar & Grille",39.95214,-75.1722162,"","","","",849,3.5
"Devil's Den",39.9358085,-75.1620574,"","u'free'","","",489,3.5
"Di Bruno Bros.",39.9491548072,-75.1555580299,"","","","",109,4
"Di Bruno Bros.",39.951311,-75.1700653,"","","","",574,4
"Dig",39.951201755,-75.1680316,"","","","",98,4.5
"Dock Street Brewery",39.9477306374,-75.2227761947,"","","","",568,4
"Dock Street Brewery South",39.9391831963,-75.1792988554,"True","","True","",100,3.5
"Doliva Evoo Pizza & Grill ",39.9672300847,-75.1409808273,"","","","",84,4.5
"Dorsey's",39.8730203,-75.2747937,"","","","",13,2.5
"Down Home Diner",39.9530183899,-75.1594000959,"","","","",366,3
"Earth Bread + Brewery",40.059176,-75.1904467,"","u'free'","","",397,4
"East Coast Wings & Grill",39.99391726,-75.09156534,"True","","","",120,3.5
"El Bochinche Restaurante",40.0269917,-75.1328407,"","","","",15,2.5
"El Merkury",39.952185,-75.1758693,"","","","",166,4.5
"El Merkury at the Market",39.9531912919,-75.1594065875,"","","","",10,4.5
"El Principe Restaurant",39.9910614002,-75.1315125497,"","","","",25,3.5
"El Provocon",40.0426716777,-75.0743865967,"","","","",30,2.5
"Elwood",39.9664035366,-75.1342273504,"","","","",39,5
"Ember & Ash",39.9305753,-75.1629063,"","","","",35,4.5
"Entree BYOB",39.9440110213,-75.1691403878,"","","","",418,4.5
"Fabio's Chicken Restaurant Takeout",40.0232879,-75.1237642,"","u'free'","True","",15,4.5
"Fare",39.967061,-75.171243,"","","","",471,3.5
"Fat Shack",39.9661569,-75.1910622,"","","","",12,4
"Fat Tuesday",39.941876,-75.150251,"","","","",199,2.5
"Favors",39.9991314,-75.1710343,"","","","",25,2
"Federal Donuts",39.932223,-75.147463,"","","","",556,4
"Felly Bistro On Pass",39.938816,-75.152367,"","","","",55,4.5
"Finn McCool's Ale House",39.949742,-75.160578,"","","","",163,3.5
"Fiore Fine Foods",39.938608,-75.144302,"","","","",92,4.5
"Fiore's Steaks and Shakes",39.9850526012,-75.1242153221,"","","","",64,3.5
"Fireside Tavern",39.9150109943,-75.1585558434,"","","","",10,3.5
"Fishtown Diner",39.9774533,-75.1245282,"","","","",234,3
"Fitz and Starts",39.939060062,-75.1495900378,"","","","",31,4.5
"Five Guys",39.9512973,-75.1665774,"","","","",211,3.5
"Five Guys",40.0791890292,-75.0266629492,"","","","",55,3.5
"Flannel",39.9272227151,-75.1663260162,"","","","",118,4.5
"Flip-N-Pizza",39.9707196889,-75.1577516645,"","","","",17,4
"Foods On First",39.954879,-75.1644704,"False","u'no'","True","",98,3.5
"Foose Grill",39.948015,-75.227058,"True","'free'","","",12,4.5
"For Pete's Sake",39.9354888,-75.1454078,"","","","",193,4
"Fork",39.9500007,-75.146124,"","","","",656,4
"Forsythia",39.9487067926,-75.145394057,"","","","",127,4.5
"Founding Fathers Sports Bar & Grill",39.9439544,-75.1692787,"","u'free'","True","",178,3.5
"Frank's Spaghetti House",40.056184,-75.061858,"False","'free'","","",45,3.5
"Franklin's",40.0110062,-75.189062,"","u'free'","True","False",140,3.5
"Franky Bradley's",39.9485357745,-75.1630648523,"","","","",217,4
"Friday Saturday Sunday",39.948937,-75.1759543,"","","","",296,4.5
"Front Street Cafe",39.9702007,-75.1356343,"","","False","",746,4
"Fuel",39.9261735,-75.1675686,"","","","",281,3.5
"Gallo's Seafood",40.0577429,-75.0446413,"","","","",187,3.5
"Garden Restaurant",39.9605194,-75.1725901,"","","","",17,4.5
"Gaul & Co. Malthouse",39.986116,-75.1065394,"","","","",129,4.5
"George's Burgers, Steaks and Shakes",40.0377140603,-75.0387135521,"","","","",41,3
"George's Wings",40.0643044322,-74.9868814021,"","","","",53,3.5
"Germantown Biergarten",39.8946127289,-75.2292965411,"","","","",16,2.5
"Germantown Garden",39.966258,-75.1382568,"True","'free'","","",146,3
"Gigi & Big R",39.9698568,-75.2387222,"","","","",22,3
"Gigi Pizza",39.9408419,-75.1513065,"","","","",17,4
"Glory Beer Bar & Kitchen",39.9481792,-75.1435446,"","u'free'","True","",207,4.5
"Gojjo Bar & Restaurant",39.9487068,-75.2140963,"","","","",117,3.5
"Golden Gates",40.1219421,-75.0343338,"","","","",18,3.5
"Golf & Social",39.965831,-75.1327524,"","","","",111,2
"Good Dog Bar",39.948793,-75.1662055,"False","'free'","True","True",1319,4
"Great Wraps",39.9514394729,-75.167555809,"","","","",17,3
"Green Eggs Cafe",39.931348,-75.166497,"None","u'free'","","",844,4
"Green Eggs Cafe",39.9741163,-75.1821029,"","","","",95,3.5
"Green Eggs Café",39.9481225533,-75.1624631121,"","","","",2733,4
"Green Leaf Restaurant",39.9774795,-75.2663405,"","","","",19,3
"Green Rock Tavern",39.979663,-75.116168,"","","","",111,4.5
"Greg's Kitchen",40.0267886888,-75.2267333767,"","","","",347,4
"Hammerheads Bar & Grille",40.0374692,-75.0417837,"False","u'free'","False","",17,2.5
"Happy Joy Family Restaurant",39.9710521,-75.1582199,"True","'no'","","",22,4.5
"Hard Rock Cafe",39.9520316095,-75.1596930614,"","","","",388,3
"Harp & Crown",39.9504170438,-75.1664282754,"True","'free'","","",945,4
"Harper's Garden",39.9522045,-75.1695409,"","","","",529,4
"Harry the K's Broadcast Bar & Grille",39.9060572,-75.1664952,"","","","",28,2.5
"Hatch & Coop",39.9494667,-75.1605248,"False","u'no'","","",109,4
"Haute Restaurant & Lounge",39.9480917189,-75.1660279557,"","u'free'","False","",37,2.5
"Hawthornes Biercafé",39.9410364,-75.1608686,"","u'no'","True","",758,4
"Heffe",39.9731157,-75.1339186,"","","","",241,3
"Helium Comedy Club",39.9515214293,-75.1748099467,"","","","",359,3.5
"Helm",39.971548,-75.144505,"","","","",237,4.5
"Heritage",39.9645949,-75.1408296,"","","","",303,4
"High Street Philadelphia",39.949579,-75.1553831,"","","","",825,4
"High Street Provisions",39.9531172679,-75.1927020446,"None","'free'","True","True",15,2.5
"Hilton Garden Inn Philadelphia Center City",39.9535723,-75.1580853,"","","","",241,3
"Hinge Cafe",39.9792581,-75.1121554,"","","","",304,4.5
"His & Hers Restaurant & Bar",39.941124,-75.14629,"True","'free'","","",99,3
"Home Cuban Cafe",39.9508207,-75.1453145,"","","","",19,4.5
"Honey's Sit-N-Eat",39.96399,-75.1444822,"","","","",1444,4
"Hue Fusion Food Market",39.979339,-75.161205,"","","","",31,4.5
"IHOP",39.92134,-75.14514,"","","","",91,2.5
"IHOP",39.94911,-75.16309,"True","","","",170,3
"IHOP",39.99218,-75.09995,"","","","",44,2.5
"IHOP",40.03036,-75.10488,"","","","",61,2
"IHOP",40.0996149,-75.01003,"","","","",48,3
"Imperial Palace Chinese Restaurant",40.0435209,-75.1433762,"True","u'no'","","",12,4
"In the Valley",39.929453,-75.1636243,"","u'free'","","True",73,4
"Independence Beer Garden",39.9502943,-75.150981,"","","","",519,3.5
"Independence Prime",39.8745568189,-75.2437496274,"True","","","",109,3.5
"Interstate Drafthouse",39.97199,-75.128871,"","","","",264,4
"Ippolito's Seafood",39.9049727,-75.1588247,"","","","",106,4
"Iron Hill Brewery & Restaurant",39.9515764639,-75.1596684381,"","","","",332,4
"Iron Hill Brewery & Restaurant",40.0750694,-75.2055144,"False","'no'","","",403,3.5
"Ishkabibble's",39.9419643,-75.1513895,"","","","",192,3.5
"Izlas Latin Cuisine",39.992299,-75.135783,"","","","",15,4.5
"Iztaccihuatl",39.9352068,-75.1572477,"","","","",135,4
"J&J South Philly Pizza",39.9343749,-75.1587416,"","","","",161,2.5
"JD Mcgillicuddy's Manayunk",40.0255643503,-75.2222046729,"","","","",77,3
"JD's Soul Food Kitchen",39.9641219,-75.2043607,"","","True","",19,3
"JG SkyHigh",39.9552040814,-75.1709829249,"","","","",132,4
"Jack's Firehouse",39.9670823,-75.1733028,"","","","",580,3.5
"Jake's & Cooper's Wine Bar & Wine Shop",40.025925,-75.2241818,"True","","","",329,3.5
"Jamaica Way",39.903291,-75.2406365,"","","","",44,3
"Jamaican D's",40.0524287,-75.1580031,"True","u'free'","","",159,4
"Jamba",39.8946117,-75.2292952,"","","","",41,3
"Jansen",40.0627073,-75.1931822,"","","","",144,4.5
"Jean-Georges Philadelphia",39.954995,-75.170789,"","","","",118,4
"Jeisy Grilled Chicken",40.036142,-75.174734,"","","","",10,4
"Jerry's Bar",39.9651094,-75.1389069,"False","u'no'","True","False",442,3.5
"Jerry's Kitchen",39.957772,-75.188643,"","","","",36,4.5
"Jet Rock Bar & Grill",39.8755341584,-75.2380645706,"","","","",246,2
"Jet Wine Bar",39.94403,-75.16799,"","","","",171,4
"Jezabel's",39.954922,-75.2118705,"","","","",131,3.5
"Jim's South St",39.941498,-75.149272,"True","u'free'","","True",2769,3.5
"Jimmy's Timeout Sports Pub",40.0461605831,-74.9945482984,"True","","","",17,4
"Joe's Steaks + Soda Shop",39.969035,-75.134557,"","","","",397,4
"John's Roast Pork",39.9210273851,-75.1450284438,"","","","",1609,4.5
"Johnny Brenda's",39.9690922,-75.134266,"","u'no'","","",580,4
"Joseph's Pizza",40.076064,-75.084728,"","","","",79,2.5
"Junes Breakfast",39.9850064107,-75.246888042,"","u'free'","","",20,2.5
"Juno",39.9619437,-75.155644,"True","'free'","True","",186,4
"Just To Serve You",39.970433,-75.2334805,"","","","",120,2.5
"K'Far Cafe",39.951593,-75.172171,"","","","",369,4.5
"KQ Burger",39.9530044436,-75.1924658194,"","","","",19,2.5
"Kanella Grill",39.9463188,-75.1579609,"True","u'no'","True","False",249,4
"Keating's Rope & Anchor",39.9457341,-75.1413125,"False","","","",73,3
"Kelliann's Bar & Grill",39.9630941,-75.1645294,"","","","",115,4
"Ken Love's BYOB",39.9624259,-75.1429291,"True","","","",178,4.5
"Kensington Quarters",39.9705028,-75.1346993,"","","","",327,4
"Khyber Pass Pub",39.9486423,-75.1441173,"True","u'free'","True","True",885,4
"Kick Axe Throwing",39.9499062,-75.1450579,"","u'free'","False","",101,4.5
"Kif's Sports Bar and Hookah Lounge",39.9621917,-75.2443677,"True","","","",25,3.5
"King Food",39.9158557,-75.1524261,"","","","",15,4
"Kite & Key",39.960395,-75.169675,"","","","",455,3.5
"Kitty's Luncheonette",39.9788544,-75.1110948,"","u'free'","","",31,4.5
"Knock",39.9478650629,-75.1606399648,"","","True","",165,3.5
"LOVE Grille",39.8750348517,-75.2438501468,"","","","",73,3
"La Bourse at Hotel Sofitel",39.9509482,-75.1695409,"","","","",14,3.5
"La Calenita Bakery Cafe",40.0281597,-75.1325853,"","","","",22,4
"La Casa Del Mofongo",40.022133,-75.13389,"","u'free'","True","True",12,3
"La Cocina del Cafe",39.9316737,-75.1684579,"False","'no'","","",25,5
"La Mula Terca",39.9260794,-75.1820459,"True","u'free'","","",93,4.5
"La Peg",39.9534524019,-75.1404362747,"","","","",257,3.5
"La Sushi",39.9701516,-75.1488375,"","","","",28,4
"La Tapenade Mediterranean Cafe",39.876361,-75.247045,"","","","",36,2
"Lacroix Restaurant at The Rittenhouse",39.9499125,-75.1736448,"True","u'free'","","",455,4.5
"Ladder 15",39.9502786,-75.1669645,"","","","",323,3
"Landmark Americana Tap & Grill - City Line",39.9960138239,-75.234246254,"","","","",136,2.5
"Landmark Americana Tap & Grill - University City",39.9559586568,-75.1906506718,"","","","",407,3
"Las Cazuelas Restaurant BYOB",39.9698623,-75.1439919,"","","","",345,4
"Last Drop",39.9451009,-75.1630885,"False","u'free'","","",214,3
"Laurel",39.9294148,-75.1637155,"None","","","",332,4.5
"Lazos Pizza & Grill",39.9727751034,-75.1789870874,"","","","",181,4
"LeBus East Falls",40.0088924745,-75.1937016472,"","","","",208,3.5
"Libertine Restauraunt",39.9468905,-75.1623567,"","'no'","","True",119,4
"Liberty Bell Diner",40.044553,-75.017575,"","","","",162,3.5
"Little Pete's Restaurant",39.967082,-75.177485,"","","","",150,4
"Little Sicily 2",39.926519,-75.14569,"","","","",259,4.5
"Live Casino Hotel",39.9091912,-75.1646617,"True","'no'","","",10,2.5
"Lloyd Whiskey Bar",39.9713575331,-75.127588677,"","","","",218,4
"Local 44",39.952821,-75.210442,"","","","",525,3.5
"Local Tavern",39.8951784,-75.2279726,"","","","",282,2.5
"Loco Lucho's Latino Kitchen",39.9531593,-75.1590984,"True","u'free'","True","",40,3.5
"LongHorn Steakhouse",39.9194120965,-75.1411938987,"","","","",162,2.5
"LongHorn Steakhouse",40.0844101,-75.0240676748,"","","","",130,2.5
"Los Potrillos",40.0123759,-75.1124633,"True","'no'","","",17,4
"Lou Bird's",39.945722875,-75.1750066504,"","","","",165,4
"Louie Louie",39.9532791038,-75.1955875611,"","","True","",278,4
"Love & Honey Fried Chicken",39.9674815,-75.136957,"","","","",420,4.5
"Love Park Pizza and Chicken",39.9667319342,-75.1605951414,"","","","",55,3
"Lucky 13 Pub",39.9271637,-75.1671282,"","u'free'","","",131,4
"Lucky Strike - Philadelphia",39.950671,-75.1633942,"","'no'","","",316,3
"Luna Café",39.9504011,-75.1463684,"","","False","",452,4
"Luna Café & Provisions",39.9766134455,-75.1408450305,"","","","",47,4
"Lyn's",39.950743692,-75.1956453556,"","","","",91,4.5
"M2O Burgers & Salads",39.9403662,-75.1508793,"","","","",113,4
"Mac Mart",39.9514489,-75.1705213,"False","u'free'","","True",333,4
"Mac Mart Food Truck",39.9514489,-75.1705213,"","","","",83,4
"Mac's Tavern",39.949794,-75.144739,"","","","",457,3.5
"Mace's Crossing",39.9559201,-75.1683168,"","u'no'","True","",125,3
"Maggie's Waterfront Cafe",40.0434234376,-74.9895148466,"","","","",237,3.5
"Malelani  Cafe",40.0529533,-75.1861048,"","","","",146,4.5
"Manayunk Brewery",40.022471,-75.2188,"","","","",711,3.5
"Manayunk Tavern",40.0245962,-75.221131,"None","","","",181,4
"Marathon",39.9504833638,-75.1673305865,"False","u'no'","True","False",604,3.5
"Marathon On the Square",39.9481101,-75.1726188,"","","","",275,3.5
"Marmont Steakhouse & Bar",39.9497397,-75.1445806,"True","u'no'","True","",326,3.5
"Martha",39.9822216,-75.1281087,"","","","",157,4
"Max Brenner - Philadelphia",39.9491000076,-75.1661748827,"","","","",1382,3.5
"Maxi's Pizza, Subs and Bar",39.98221,-75.155986,"","","","",85,3.5
"McCormick & Schmick's Seafood & Steaks",39.951353,-75.1634754,"","","","",390,2.5
"McCrossen's Tavern",39.9630919,-75.1709203,"","","","",314,4
"McDonald's",40.0740661358,-75.0843798264,"","","","",14,2
"McGillin's Olde Ale House",39.950168,-75.162607,"","","","",1003,4
"McMenamin's Tavern",40.059745,-75.1908537,"","","","",230,4
"McNally's Tavern",40.0771023,-75.2088726,"","","","",247,4.5
"Mediterra Grill",39.9887627,-75.249793,"False","u'free'","True","",38,3.5
"Memphis Market & Grill",39.9817082,-75.1208943,"True","u'free'","True","",23,4.5
"Memphis Taproom",39.9803676,-75.1230344,"","","","",721,4
"Mercer Cafe",39.9864461,-75.1006826,"","","","",94,4
"Messina Club",39.9297638,-75.1614432,"","","","",14,4.5
"Middle Child Clubhouse",39.969978035,-75.1359988205,"False","'no'","","False",18,4.5
"Midnight Iris",39.945245,-75.170511,"","","","",58,4.5
"Mifflin Tavern",39.9243899,-75.1499253,"None","u'free'","","",49,4.5
"Mighty Melt",39.949773,-75.148073,"True","u'free'","True","False",38,4
"Milan's Restaurant",40.0216770872,-75.126149148,"","","","",10,4
"Milano's Pizzeria and Grill",39.9489898682,-75.1570663452,"","","","",43,3
"Miles Table",39.9249137,-75.1601514,"False","u'free'","","True",14,4.5
"Miles Table",39.944043,-75.1695127,"","","","",530,4.5
"MilkBoy",39.950125,-75.1587931,"","","","",395,3.5
"Milkhouse",39.9557799,-75.1819683,"","","","",41,2.5
"Miller's Ale House",39.920208058,-75.1417470431,"","","","",143,3.5
"Miller's Ale House",40.0798351,-75.0285769,"","","","",257,3
"Millie's Burgers, Steaks & Shakes",39.9185228,-75.1725846,"","","","",71,2.5
"Milo - The Meeting House",40.0601522,-75.1907202,"True","u'free'","True","",24,3.5
"Misconduct Tavern",39.9486272,-75.1666356,"None","","True","",409,3.5
"Misconduct Tavern",39.954395,-75.169849,"","","","",131,3
"Mission BBQ",40.1005522045,-75.0092536759,"","","","",249,4
"Mix Bar and Grill",39.9524435,-75.1757574,"","","","",30,3
"Mixto",39.945195,-75.161082,"","","","",1295,4
"Molly Malloy's",39.9531200778,-75.1589835418,"","","","",346,4
"Monte Cristo",39.9876355,-75.105178,"","u'free'","","",17,2.5
"Moonlight Cuisine",40.0583688,-75.1528507,"","","","",29,3.5
"Morea",39.9498058,-75.158806,"","","","",45,4
"Morgan's Pier",39.9549030181,-75.1389125268,"True","","","",724,3
"Moriarty's Restaurant and Irish Pub",39.9485658,-75.1598508,"False","u'no'","","",645,3.5
"Morimoto",39.9496652299,-75.1532727008,"","","","",1943,4.5
"Moshulu",39.942335482,-75.1413081,"True","u'free'","","",894,3.5
"Mount Airy Tap Room",40.0539009,-75.1941853,"","","","",52,4.5
"Mt Airy Breakfast & Lunch",40.0521915,-75.185537,"","","","",60,4
"Mui Chung",39.9367681,-75.1665655,"","","","",17,3
"Munchie's Cafe",39.9495009,-75.1536808,"","","","",73,3.5
"Muscle Maker Grill",40.078208,-75.02719,"","","","",97,2.5
"Musi",39.9263001984,-75.1474352181,"","","","",53,4.5
"NBC Sports Arena",39.9042986,-75.1694047,"","","","",51,3.5
"National Mechanics",39.9495443,-75.1459872,"","","","",896,4
"New Deck Tavern",39.9535171,-75.1926364399,"","","","",425,3.5
"New London Pizza & Restaurant",40.0362638,-75.0424394,"","","","",23,2.5
"New Olympia House",40.0507833,-75.066764,"False","u'no'","","True",69,3.5
"New Station Pizza",40.0261752089,-75.0431555885,"","","","",13,3
"New Tavern Bar",39.9542243,-75.212136,"","","","",10,4
"New Town Restaurant",39.9600207,-75.1534664,"","","","",25,4.5
"New Wave Cafe",39.9380675,-75.1485297,"","","","",237,3.5
"Newmans Grill",40.0388462,-75.1776332,"","","","",11,2.5
"Nick's Bar and Grille",39.9495571,-75.1439805,"","","","",182,4
"Nick's Roast Beef",40.048536,-75.06233,"","u'no'","","",133,3
"Nick's Roast Beef",40.083729,-74.9661299,"True","","","",43,2
"Nifty Fifty's Fishtown",39.9738884555,-75.1206322589,"True","'free'","","True",24,3
"Night Owls Fast Food",39.9348377485,-75.1916793432,"","","","",72,3
"Nineteen 26",39.9530355,-75.1620625,"","","","",16,3
"Noir Restaurant & Bar",39.9263049,-75.167423,"","","","",159,4
"Noobar",39.875104,-75.243642,"","","","",48,3
"Noord",39.92966,-75.163003,"","u'free'","True","",409,4.5
"Nora's Kitchen",39.9412618963,-75.1473250317,"","","","",168,4.5
"North Bowl",39.9644125073,-75.1403277254,"False","'no'","","",498,4
"North Third",39.96350593,-75.1427820977,"","","","",710,4
"Not Just Pizza",39.9213449,-75.1651519,"","","","",105,2.5
"OG Pizza",39.9835263378,-75.1258263442,"","u'no'","","",148,4
"Ocean Prime",39.9501744,-75.1659335862,"","","","",543,4
"Olly",39.9408776,-75.1511064,"True","","True","",52,4
"On Charcoal",40.0413179,-75.076034,"","","","",18,2.5
"On Point Bistro",39.93725004,-75.1771098375,"","","","",248,4.5
"One Pound Cheesesteaks",39.9895823,-75.125543,"","","","",52,3.5
"One Shot Coffee",39.9677290083,-75.1406717064,"","","","",519,4
"Oregon Express",39.9161098,-75.1671811,"","","","",18,4.5
"Original 13 Ciderworks",39.9745975872,-75.1402150467,"","","","",65,4.5
"P. J. Clarke's",39.948294,-75.1519511,"","","","",139,4
"PBR Philly",39.9042894,-75.1694047,"","","","",42,3
"Paddy Whacks Irish Sports Pub - Welsh Road",40.0745680732,-75.0316823839,"True","'no'","","",48,3
"Paddy's Old City Pub",39.9537271,-75.1439691,"","","","",117,3.5
"Panasian Buffet",40.0308845266,-75.1041150063,"","u'free'","","",72,3.5
"Paprika Restaurant",40.0178826,-75.1546635,"","","","",75,3.5
"Parada Maimon",39.9590025431,-75.1582302558,"","","","",207,4.5
"Paradise Diner",39.968717,-75.1365009,"","","","",44,4.5
"Parc",39.9491724,-75.1707273,"True","u'free'","","",2884,4
"Parkside Beef & Ale",39.9548176,-75.1645795,"","","","",35,3
"Parkway Corner Deli",39.9639216,-75.1751039,"True","u'free'","","",84,4
"Pat's King of Steaks",39.9332010583,-75.159265814,"","","","",4293,3
"Pazzo Pazzo",39.9791026041,-75.1616665689,"","","","",54,2.5
"Pearl's Oyster Bar",39.953298,-75.159071,"","","","",305,4
"Peking Inn",39.94846,-75.221493,"","","","",11,4.5
"Pelicana chicken",39.9515319,-75.2033034,"","","","",89,3.5
"Penn's Port Pub",39.9224306,-75.142895,"","","","",15,4.5
"Perkins Restaurant & Bakery",40.0869513242,-75.0390484929,"","","","",62,3
"Perla",39.929905,-75.1629415813,"","","","",219,4.5
"Philadelphia Museum of Art",39.965573,-75.180969,"True","u'no'","True","",778,4.5
"Philadium",39.9126266,-75.1764034,"","","","",25,4
"Philly Fry Truck",39.9350642,-75.1516194,"","","","",13,4
"Philly Steak & Gyro",39.874920347,-75.2412520904,"","","","",58,2.5
"Philly Steak & Gyro",39.8749972814,-75.2413466363,"","","","",12,2.5
"Philly Tacos",39.9343559,-75.1777433,"","","","",86,4.5
"Philly's Platinum Grille",40.0727911933,-75.1949470435,"","","","",62,2.5
"Pitchers Pub",40.0250055,-75.2230546,"","","","",91,3.5
"Pitruco Pizza Franklin's Table",39.9529913,-75.1922872,"False","u'free'","True","True",11,4.5
"Pizzeria L'Angolo",40.0224642,-75.2183357,"True","'no'","","True",35,4.5
"Poe's Sandwich Joint",39.9773029,-75.1436018,"","","","",124,4
"Pom Pom",39.9729781261,-75.1338146254,"","","","",10,4.5
"Popeyes Louisiana Kitchen",39.9023035,-75.242038,"","","","",20,2
"Popeyes Louisiana Kitchen",39.912518,-75.149818,"","","","",12,2.5
"Popeyes Louisiana Kitchen",39.924743,-75.1690735,"","","","",20,3
"Popeyes Louisiana Kitchen",39.9382715655,-75.2156104577,"","","","",22,1.5
"Popeyes Louisiana Kitchen",39.940632,-75.166651,"","","","",36,2.5
"Popeyes Louisiana Kitchen",39.9510830684,-75.1663314987,"","","","",53,2
"Popeyes Louisiana Kitchen",39.9804117,-75.2340528,"","","","",10,1.5
"Popeyes Louisiana Kitchen",39.992755,-75.097634,"","","","",13,2
"Popeyes Louisiana Kitchen",40.0443567742,-75.23186,"","u'free'","True","",41,2
"Popeyes Louisiana Kitchen",40.0478979468,-75.0584631691,"True","u'free'","","False",13,2
"Popeyes Louisiana Kitchen",40.0791915023,-75.027881,"","","","",50,2
"Popeyes Louisiana Kitchen",40.0810229,-75.170115,"","","","",16,1.5
"Popi's Italian Restaurant",39.9115964464,-75.1826359382,"False","'no'","","True",154,3.5
"Porky's Point Restaurant",40.0096965,-75.1365387,"False","u'no'","","",37,4
"Pretty Girls Cook",39.9699452213,-75.1475351472,"","","","",151,4
"Prohibition Taproom",39.9613018,-75.1593118,"None","","","",638,4
"Pub & Kitchen",39.9456566,-75.1747733,"","","","",655,3.5
"Pub Webb",39.9791353607,-75.160534073,"","","","",65,4
"Pumpkin",39.9444366,-75.1708063,"","","","",442,4
"Punch Line Philly",39.965141,-75.135429,"","","","",279,3.5
"Pupuseria Sabor Latino II",40.0100159853,-75.0983244372,"","","","",14,5
"Puyero Venezuelan Flavor",39.9419625269,-75.1492561027,"","","","",172,4.5
"Quetzally",39.9416062,-75.163026,"","","","",249,4
"Race Street Cafe",39.9537127,-75.1434447561,"True","u'free'","True","False",328,4
"Rachael's Nosheri",39.951262,-75.172332,"","","","",139,3.5
"Real Food Eatery",39.9493695,-75.1675666,"","","","",286,4.5
"Real Food Eatery",39.9529111355,-75.1690678907,"","","","",27,4.5
"Reale's Restaurant & Bar",40.0361944,-75.0412414,"False","'no'","","False",63,3.5
"Red Lobster",40.075949,-75.034346,"","","","",122,2
"Red Owl Tavern",39.9492805,-75.1489288,"True","'free'","","",629,3.5
"Red Robin Diner",40.0286174763,-75.0584119806,"","","","",61,2
"Redz Bar and Grill",40.0608590409,-75.0447888735,"","","","",28,3
"Reef Restaurant & Lounge",39.9411616,-75.147401,"","","","",191,3
"Revolution House",39.9497082,-75.1439349,"","","True","",568,3.5
"Rex at the Royal",39.9437809,-75.1681729,"","","","",489,4.5
"Rhythm and Brunch",39.9219015059,-75.2311522532,"","","","",122,4
"River Twice",39.929741,-75.163397,"","","","",54,3.5
"Robola Pizza & Grill",39.988611,-75.227645,"","","","",37,3
"Rock N' Rolls Egg Rolls",39.9705409,-75.1577989,"True","u'no'","True","",19,4
"Roman's Pizza",40.039176,-75.223424,"","","","",43,3
"Rotten Ralph's Pub & Eatery",39.9484876,-75.1442086,"","'free'","","",23,3
"Rouge",39.949638,-75.170671,"","","","",504,3.5
"Roxborough Seafood House",40.0297696,-75.2061641,"","","","",141,3
"Royal Boucherie",39.9487583,-75.1440827,"True","","","",235,4
"Ruby Tuesday",39.8877891,-75.2470401,"","","","",173,2.5
"Ruth's Chris Steak House",39.9529565,-75.1702986,"","","","",192,3.5
"Rybrew",39.974214,-75.182504,"","'free'","True","True",215,4.5
"SOMO Manayunk",40.0250874,-75.2221876,"","'free'","","",297,3.5
"SPIN - Philadelphia",39.9491828858,-75.165957,"","","","",115,4
"Sabrina's Café",39.9598792,-75.1906815,"False","u'no'","","True",852,4
"Sabrina's Café",39.9604147854,-75.1686044902,"True","'free'","","",1760,4
"Saigon Quy-Bau Restaurant",39.9433871696,-75.1642239285,"","","","",19,4
"Saint Lazarus",39.9687029,-75.1364723,"True","","","",64,4
"Saladworks",39.87642,-75.24698,"True","'no'","","",31,2.5
"Saladworks",39.9524133109,-75.1681163907,"","","","",16,2.5
"Saladworks",40.0643007751,-75.2374119507,"","","","",49,3
"Saladworks",40.0730228774,-75.0350286614,"True","u'no'","","",31,3.5
"Sampan",39.9495313759,-75.1621570259,"","","","",2076,4
"Samwhich",39.9362632,-75.2194779,"","","","",12,3
"Sardi's Pollo A La Brasa",40.0030483,-75.2219283,"","","","",354,4
"Sassafras Bar",39.948832,-75.144063,"","","","",363,4.5
"Savas",39.9583061,-75.1927263,"","","","",238,3
"Scanlon's Saloon",40.0263844,-75.2154182,"","u'paid'","True","",16,3.5
"Scarpetta",39.9498657277,-75.1733916253,"","","","",214,4
"Second District Brewing",39.9261812341,-75.1730921385,"","","","",103,4
"Shake Shack",39.9502973,-75.1601048,"","","","",66,3.5
"Shake Shack",39.9512256328,-75.1737892628,"","","","",809,3.5
"Shake Shack",39.953511,-75.18839,"","","","",225,3.5
"Silk City Diner & Lounge",39.9613271,-75.1460328,"","","","",980,4
"Sister Muhammad's Kitchen",40.022826208,-75.1590914279,"","'no'","","True",126,4
"Smiths Restaurant and Bar",39.9522486027,-75.1716919961,"False","","","",235,3
"Social House",39.9450147098,-75.1771122734,"True","'free'","True","True",13,3.5
"Sonny's Famous Steaks",39.9499178538,-75.1447920753,"None","u'free'","True","",1716,4
"Soup Kitchen Cafe",39.9798199,-75.129822,"","","","",333,4
"South Bowl",39.9142928,-75.1471501,"","","","",254,3.5
"SouthHouse",39.91804,-75.168707,"True","u'free'","True","True",165,4.5
"Southgate",39.9455687,-75.1717901,"","","","",330,4
"Southside Zabihah Halal Eatery",39.9280784,-75.2302899,"True","","","",19,4.5
"Southwark Restaurant",39.9404771,-75.1493607,"","u'free'","","",235,4
"Spasso Italian Grill",39.948706,-75.142687,"","","","",553,4
"Spice 28",39.950352,-75.1615829,"","","","",851,4
"Spirit of Philadelphia",39.9415984538,-75.1405771664,"True","u'free'","","",167,3
"Square 1682",39.9508011,-75.1686108,"","","","",401,3.5
"Square on Square",39.948333,-75.174521,"","","","",257,3.5
"SquareBurger",39.9557003985,-75.1501474668,"","","","",120,3
"Standard Tap",39.96414,-75.1405144,"","","","",820,4
"Standing O",39.948063,-75.163985,"","","","",38,3
"Stateside",39.930249,-75.163265,"","","","",368,3.5
"Station Bar & Grill",39.9258604,-75.1725846,"","","","",60,3.5
"Steak 48",39.947286,-75.165197,"","","","",141,4
"Steve's Prince of Steaks",40.0456111,-75.0609207,"","","","",494,4
"Stir",39.965847,-75.181147,"","","","",23,4.5
"Sto's Bar & Restaurant",39.9500081317,-75.1446980851,"","","","",127,3.5
"Stogie Joe's Tavern",39.927559,-75.166057,"","","","",302,3.5
"Strangelove's",39.948089,-75.1592111423,"True","","True","",455,4
"Sugar Factory",39.9501500906,-75.1610934042,"","","","",18,2
"Supreme Oasis Bakery & Deli-Philly",39.9692521,-75.2116916,"","","","",11,4
"Suraya",39.9736865005,-75.1339557767,"","","","",1157,4.5
"Sutton's",39.9771594076,-75.1436727494,"","","","",76,5
"Sweets & Curry House",40.0572043,-75.0609549,"","","","",37,3.5
"TGI Fridays",40.007927,-75.211183,"","","","",298,2
"Takka Grill & Pizza",39.9419352,-75.1502842,"","","","",23,2
"Takka Grill & Shrimpie's",40.0675197,-75.1471273,"","","","",25,2.5
"Takka Grill and Pizza",40.0296379732,-75.1810627431,"","","","",21,2.5
"Talula's Daily",39.9472825,-75.1536278,"","","","",386,4.5
"Talula's Garden",39.9473272218,-75.1535421779,"","","","",1964,4.5
"Tap Room On 19th",39.921596,-75.178679,"","","True","",188,4
"Taqueria La Hacienda",40.02202,-75.1240606,"False","","","",10,3.5
"Taste Restaurant",39.9463008,-75.1435473,"True","","","",23,3
"Tattooed Mom",39.9416802,-75.1519159,"False","'no'","","",715,4
"Tavern On Camac",39.9472463,-75.1615494,"","","","",159,4
"Tavern On the Hill",40.077194,-75.2088314,"True","","","",147,4
"Taylor's Cafe",40.034328,-75.216551,"","","","",172,4
"Tela's Market & Kitchen",39.967417,-75.168217,"True","u'free'","","",282,4
"Ten Stone Bar & Restaurant",39.9450458,-75.1769728,"","","","",308,3
"Tenth Floor Grill",39.9533368,-75.1580039,"","","","",19,4
"Texas Chicken & Burgers",40.0484281,-75.0617193,"False","'free'","","",26,3.5
"Texas Wiener",39.9632741,-75.2020952,"True","","True","False",45,4.5
"The Abbaye",39.9622476511,-75.1430036973,"","","","",319,4
"The American Pub",39.95232,-75.166485,"","","","",36,2.5
"The Bishop's Collar",39.9675571,-75.1768708,"","","","",254,3.5
"The Black Sheep Pub & Restaurant",39.9484223,-75.1692901,"False","u'no'","","True",349,3.5
"The Black Taxi",39.9687445,-75.1782273,"","","","",94,4
"The Board & Brew",39.9534403364,-75.1883720979,"","","","",19,4.5
"The Buffalo House",40.0440091,-75.0185888,"","u'free'","","",35,3.5
"The Capital Grille",39.9506134672,-75.1636080327,"","","","",650,4
"The Cheesecake Factory",39.9491039,-75.1658813,"True","","","",392,3
"The Continental Mid-town",39.9519308,-75.1704529,"","","","",1732,3.5
"The Crazy Leprechaun Bar & Grill",39.9876447657,-75.092066549,"","","","",22,3.5
"The El Bar",39.9717648,-75.1354975,"False","u'no'","False","",174,4
"The Goat Rittenhouse",39.9511749999,-75.1723914966,"","","","",18,4
"The Goat's Beard",40.0238229063,-75.2201271057,"","u'free'","","",495,4
"The Gold Standard Cafe",39.9481839,-75.2196691,"True","'no'","","",326,3
"The Grill  Smuckers",39.9532,-75.159408,"","","","",121,4.5
"The Hadley",39.9607681115,-75.1776570082,"","","","",77,4
"The Happy Rooster",39.9504391,-75.1675545,"","","","",258,3.5
"The Institute Craft Bar & Kitchen",39.9624658,-75.155683,"","'no'","","",24,4
"The Landing Restaurant",39.8891661,-75.2310534,"","","","",29,2.5
"The Love",39.9506555,-75.1708991,"","","","",635,4
"The Lunar Inn",39.9822933,-75.1031599,"","","","",29,4.5
"The Olde Bar",39.9469051201,-75.1440923726,"","","","",312,4
"The Original Turkey",39.953049478,-75.1594718185,"","","","",216,4.5
"The Restaurant at JNA Institute of Culinary Arts",39.9351965,-75.1676847,"","","","",63,4
"The Sidecar Bar & Grille",39.9418939,-75.1794584,"True","u'free'","","True",722,4
"The Tasty Toast",39.9347543,-75.1795322,"","","","",146,4
"The Tavern Restaurant",39.9473333,-75.1616774,"","","","",84,4
"The Trestle Inn",39.9588257,-75.1566756,"","","True","",208,4
"The Twisted Tail",39.9418766,-75.1451988,"True","'free'","True","",625,4
"The Wayward",39.9509148952,-75.1595963538,"","","","",95,4
"Three 12 Sport Bar and Lounge",39.9499452,-75.146352,"","","","",33,2.5
"Three Countries Pizzeria",39.9321252,-75.1723005,"","","","",43,2.5
"Three Monkeys Cafe",40.053857,-74.98396,"True","","True","",430,3.5
"Tierra Colombiana Restaurant",40.0205736,-75.1337987,"False","","","",415,4
"Tiffany Diner",40.0740183,-75.0361529,"","","","",164,2.5
"Time",39.9500001533,-75.1625513634,"","","","",571,4
"Tir na nOg Irish Pub",39.9544564822,-75.1667542796,"","","","",251,3.5
"Tommy DiNic's",39.95347837,-75.1593960603,"","","","",2245,4
"Tommy's Pizza",39.9710336,-75.1287016,"","","","",21,3
"Tony's Famous Tomato Pie",40.0284115716,-75.0590577797,"True","u'free'","True","False",119,4
"Trattoria Carina",39.9488052,-75.1779537,"","u'free'","True","",219,4.5
"Trev's Philly Steaks",40.096285,-75.017905,"","","","",84,3
"Tria Cafe Rittenhouse",39.9509483,-75.1704197,"","u'free'","","",924,4.5
"Tria Cafe Wash West",39.9466238,-75.1609139,"True","","True","",801,4.5
"Triangle Tavern",39.9323559,-75.1611077,"","","","",227,4
"Tribe Cafe",39.988268,-75.1561849,"","","","",23,3
"Trio Breakfast & Lunch",40.03145806,-75.1788476379,"","","","",37,3
"Twenty Manning",39.9486084,-75.1740323,"False","","","",439,3.5
"Twisted Indian Wraps",39.9660935124,-75.1910107337,"","'free'","","True",17,4
"U S Hotel Bar & Grill",40.026658,-75.2261204411,"","","","",101,3
"U-Bahn",39.9505038,-75.1625185,"True","u'free'","True","False",78,2.5
"Ulana's",39.9404983,-75.1462159,"True","u'no'","","",10,2.5
"Ummi Dee's burger bistro",39.9973469,-75.1669759,"","","","",15,3.5
"Union League of Philadelphia",39.949988,-75.1645963,"","","","",74,4
"Uptown Grill Breakfast",39.9609427,-75.2412374,"","","True","",10,4
"Urban Farmer Philadelphia",39.957207,-75.1699827,"","","","",609,4
"Urban Saloon",39.9670245,-75.1729544,"","","","",328,3
"Urban Shop 543",39.8878070863,-75.1779273135,"","","","",15,4
"Urban Village Brewing Co",39.9667,-75.13997,"True","'free'","","",231,4
"Valley Green Inn",40.055064914,-75.2181315422,"","","","",200,3.5
"Varga Bar",39.9462043942,-75.1577992928,"True","u'free'","True","True",632,3.5
"Vegan Commissary",39.9221978,-75.1714459,"True","","","",147,4.5
"Vernick Coffee Bar",39.955061,-75.170196,"","","","",48,4.5
"Vernick Food & Drink",39.950759,-75.1748461,"","","","",1049,4.5
"Vesper Sporting Club - Center City",39.9489408,-75.1668194,"False","u'no'","True","False",162,3.5
"Victory Beer Hall",39.9042894,-75.1694047,"","","","",60,3
"Village Whiskey",39.9514165949,-75.1737677917,"True","'no'","","",1603,4
"Vino Volo",39.8780119385,-75.2394390106,"","","","",109,3.5
"Voltage Lounge",39.9592901344,-75.1500912772,"True","'free'","","",44,3
"Volvér",39.9467935,-75.165297,"True","u'no'","True","True",156,3.5
"Wacky Zaki's",40.1055278,-75.0324753,"True","","True","",34,3
"Walnut Street Cafe",39.9522079227,-75.183563153,"","","","",260,3.5
"Waterfront Gourmet Cafe & Deli",39.9505446,-75.1393768,"","","","",35,4
"White Dog Cafe",39.9535582,-75.1929054,"","u'free'","True","",1337,4
"Winnie's Manayunk",40.024735,-75.2222673,"","","","",615,3.5
"Winthorpe & Valentine Bar & Grill",39.9519739402,-75.1680094391,"","","","",53,3
"Wishbone",39.9484184,-75.1623776,"","","","",196,3.5
"Wishbone",39.9539029,-75.204325,"","","","",199,3.5
"Woody's",39.949064,-75.16241,"","","","",334,3
"World Cafe Live",39.9520744759,-75.1851766256,"","","","",363,4
"Wrap Shack",39.9496367181,-75.1587568223,"None","'no'","True","True",93,3.5
"XIX Nineteen",39.949104,-75.164768,"True","'no'","True","False",633,3.5
"Xfinity Live! Philadelphia",39.9044484999,-75.1696318388,"","u'free'","","",368,3
"Xochitl",39.9428742,-75.1456449,"True","","","",465,3.5
"Yards Brewing Company",39.9609706195,-75.146908,"None","u'no'","","True",772,4
"Zesto Pizza & Grill",39.9546963178,-75.2023281628,"","","","",134,4
"a.bar",39.9502708009,-75.1705138959,"","","","",118,4
"a.kitchen",39.950323,-75.170538,"","","","",461,3.5
"chili's",39.9533,-75.1611,"True","'no'","","",11,1.5
"honeygrow",39.9509772093,-75.1583468263,"None","","","",84,3.5
"honeygrow",39.9537318071,-75.1978196153,"True","","","",171,3
"honeygrow",39.9784134463,-75.157349919,"","","","",49,3.5
"revive 21",39.8809167118,-75.2373865962,"None","u'no'","True","False",40,2.5
"sweetgreen",39.9540571,-75.201033,"","","","",206,3.5
